,year,genre,count,rating,metacritics
12,2011,atmospheric,39,3.66794871794872,77.5897435897436
113,2011,funny,34,3.35911764705882,73.3235294117647
56,2011,comedy,33,3.28242424242424,70.8787878787879
62,2011,cooperative,51,3.13058823529412,72.6274509803922
229,2011,rpg,52,3.07942307692308,72.1346153846154
319,2012,atmospheric,79,3.66164556962025,77.379746835443
363,2012,controller,33,3.49878787878788,77.9090909090909
380,2012,difficult,37,3.43756756756757,75.8918918918919
440,2012,horror,32,3.3034375,72.0
364,2012,cooperative,53,3.22641509433962,72.9245283018868
638,2013,atmospheric,86,3.45883720930233,73.0581395348837
752,2013,funny,45,3.44933333333333,72.8444444444444
685,2013,comedy,46,3.41021739130435,74.2391304347826
728,2013,exclusive,33,3.38787878787879,75.4545454545455
689,2013,controller,34,3.36117647058824,74.6176470588235
973,2014,atmospheric,111,3.51171171171171,71.5765765765766
1192,2014,sandbox,39,3.43538461538462,70.2820512820513
1028,2014,difficult,58,3.37568965517241,74.6034482758621
1061,2014,funny,49,3.36183673469388,72.9591836734694
1222,2014,survival,34,3.35352941176471,66.9411764705882
1396,2015,gore,41,3.43073170731707,71.7073170731707
1386,2015,funny,51,3.32117647058824,73.4313725490196
1274,2015,atmospheric,131,3.27992366412214,72.5267175572519
1521,2015,sandbox,43,3.26348837209302,72.6744186046512
1320,2015,comedy,43,3.24139534883721,74.0232558139535
1615,2016,atmospheric,129,3.4577519379845,74.8217054263566
1688,2016,difficult,59,3.4328813559322,76.7796610169491
1873,2016,sandbox,32,3.4315625,75.0625
1829,2016,overlay,45,3.37511111111111,75.2888888888889
1715,2016,exploration,51,3.34490196078431,72.6666666666667
2052,2017,exclusive,35,3.84685714285714,77.4285714285714
2010,2017,cooperative,55,3.46690909090909,73.4727272727273
1959,2017,atmospheric,92,3.44380434782609,75.054347826087
2069,2017,funny,38,3.41789473684211,74.3684210526316
2086,2017,horror,64,3.37390625,73.125
2272,2018,atmospheric,63,3.69952380952381,75.1904761904762
2573,2018,violent,47,3.52446808510638,71.6170212765958
2409,2018,horror,39,3.47846153846154,70.4615384615385
2514,2018,rpg,60,3.458,73.3
2321,2018,cooperative,52,3.38788461538462,74.8076923076923
2732,2019,gore,41,3.57829268292683,74.2439024390244
2654,2019,cooperative,40,3.57775,74.275
2699,2019,exploration,32,3.560625,74.125
2609,2019,atmospheric,52,3.55730769230769,74.6346153846154
2907,2019,violent,57,3.50578947368421,72.7894736842105
2940,2020,atmospheric,62,3.48338709677419,75.3225806451613
3345,2020,violent,41,3.40219512195122,71.2926829268293
3070,2020,exploration,37,3.36756756756757,77.2972972972973
3010,2020,cooperative,36,2.95333333333333,73.0
3261,2020,rpg,70,2.89671428571429,73.1714285714286
3576,2021,horror,37,3.03378378378378,71.6216216216216
3558,2021,gore,31,3.01,74.4193548387097
3831,2021,violent,43,2.96651162790698,74.1860465116279
3667,2021,offline,32,2.6603125,74.25
3729,2021,rpg,81,2.63666666666667,74.9753086419753
